{
    "0": {
        "idx": 0,
        "solver": "ode",
        "dx": 1,
        "nx": 63,
        "dt": 0.0001,
        "nt": 19,
        "order": 1,
        "bcs": {
            "left": "DBC",
            "right": "DBC"
        },
        "mu": [
            10000000000.0,
            10000000000.0,
            10000000000.0,
            10000000000.0,
            10000000000.0,
            10000000000.0,
            10000000000.0,
            10000000000.0,
            10000000000.0,
            10000000000.0,
            10000000000.0,
            10000000000.0,
            10000000000.0,
            10000000000.0,
            10029599073.575926,
            10118279480.282833,
            10265691239.069672,
            10471252583.070534,
            10734152255.572697,
            11053352711.67623,
            11427594213.00971,
            11855399799.342049,
            12335081117.469776,
            12864745084.37579,
            13442301358.363163,
            14065470588.67883,
            14731793411.069668,
            15438640153.769655,
            16183221215.612904,
            16962598075.315048,
            17773694888.47427,
            18613310626.52391,
            19478131709.72983,
            20364745084.37579,
            21269651692.52718,
            22189280281.214127,
            23120001496.535435,
            24058142207.0603,
            25000000000.0,
            25941857792.939705,
            26879998503.46456,
            27810719718.785873,
            28730348307.472828,
            29635254915.62421,
            30521868290.270172,
            31386689373.47609,
            32226305111.525726,
            33037401924.684948,
            33816778784.3871,
            34561359846.23035,
            35268206588.93033,
            35934529411.321175,
            36557698641.63684,
            37135254915.62421,
            37664918882.53023,
            38144600200.65795,
            38572405786.990295,
            38946647288.32377,
            39265847744.42731,
            39528747416.92947,
            39734308760.93033,
            39881720519.71717,
            39970400926.42407,
            40000000000.0
        ],
        "rho": [
            2000.0,
            2000.0,
            2000.0,
            2000.0,
            2000.0,
            2000.0,
            2000.0,
            2000.0,
            2000.0,
            2000.0,
            2000.0,
            2000.0,
            2000.0,
            2001.9732715717284,
            2007.8852986855222,
            2017.7127492713114,
            2031.416838871369,
            2048.9434837048466,
            2070.2235141117485,
            2095.1729475339807,
            2123.6933199561363,
            2155.6720744979852,
            2190.9830056250526,
            2229.486757224211,
            2271.0313725785886,
            2315.452894071311,
            2362.5760102513104,
            2412.214747707527,
            2464.173205021003,
            2518.2463258982843,
            2574.2207084349275,
            2631.875447315322,
            2690.9830056250526,
            2751.3101128351454,
            2812.618685414275,
            2874.6667664356955,
            2937.2094804706867,
            3000.0,
            3062.7905195293133,
            3125.3332335643045,
            3187.381314585725,
            3248.689887164855,
            3309.0169943749474,
            3368.124552684678,
            3425.7792915650725,
            3481.753674101715,
            3535.8267949789965,
            3587.785252292473,
            3637.4239897486896,
            3684.547105928689,
            3728.968627421412,
            3770.513242775789,
            3809.0169943749474,
            3844.327925502015,
            3876.3066800438637,
            3904.8270524660193,
            3929.776485888251,
            3951.0565162951534,
            3968.583161128631,
            3982.287250728689,
            3992.114701314478,
            3998.026728428272,
            4000.0
        ],
        "u": [
            0.0,
            0.0,
            0.0,
            0.0,
            0.0,
            0.0,
            0.0,
            0.0,
            0.0,
            0.0,
            0.0,
            0.0,
            0.0,
            0.0,
            0.0,
            0.0,
            0.0,
            0.0,
            0.0,
            0.0,
            0.0,
            0.024471741852423234,
            0.09549150281252633,
            0.2061073738537635,
            0.34549150281252633,
            0.5,
            0.6545084971874737,
            0.7938926261462367,
            0.9045084971874737,
            0.9755282581475768,
            1.0,
            0.9755282581475768,
            0.9045084971874737,
            0.7938926261462367,
            0.6545084971874737,
            0.5,
            0.34549150281252633,
            0.2061073738537635,
            0.09549150281252633,
            0.024471741852423234,
            0.0,
            0.0,
            0.0,
            0.0,
            0.0,
            0.0,
            0.0,
            0.0,
            0.0,
            0.0,
            0.0,
            0.0,
            0.0,
            0.0,
            0.0,
            0.0,
            0.0,
            0.0,
            0.0,
            0.0,
            0.0,
            0.0,
            0.0
        ],
        "v": [
            0.0,
            0.0,
            0.0,
            0.0,
            0.0,
            0.0,
            0.0,
            0.0,
            0.0,
            0.0,
            0.0,
            0.0,
            0.0,
            0.0,
            0.0,
            0.0,
            0.0,
            0.0,
            0.0,
            0.0,
            0.0,
            0.0,
            0.0,
            0.0,
            0.0,
            0.0,
            0.0,
            0.0,
            0.0,
            0.0,
            0.0,
            0.0,
            0.0,
            0.0,
            0.0,
            0.0,
            0.0,
            0.0,
            0.0,
            0.0,
            0.0,
            0.0,
            0.0,
            0.0,
            0.0,
            0.0,
            0.0,
            0.0,
            0.0,
            0.0,
            0.0,
            0.0,
            0.0,
            0.0,
            0.0,
            0.0,
            0.0,
            0.0,
            0.0,
            0.0,
            0.0,
            0.0,
            0.0
        ],
        "backend": {
            "synthesis": "MatrixExponential",
            "batch_size": 100,
            "fitter": "cvxpy_gaussian",
            "backend": "ibmq_qasm_simulator",
            "shots": 1000,
            "optimization": 3,
            "resilience": 1,
            "seed": 0,
            "local_transpilation": false,
            "method": "statevector",
            "fake": null
        }
    },
    "1": {
        "idx": 1,
        "solver": "local",
        "dx": 1,
        "nx": 63,
        "dt": 0.0001,
        "nt": 19,
        "order": 1,
        "bcs": {
            "left": "DBC",
            "right": "DBC"
        },